rb_code,rb_score,rb_date,m_code,r_code,re_code
1,3,2025-10-06 8:00,2,47,3
2,4,2025-10-07 8:00,4,135,6
3,5,2025-10-07 8:00,5,176,7
4,3,2025-10-08 8:00,8,319,12
5,5,2025-10-09 8:00,6,203,8
6,3,2025-10-10 8:00,10,245,15
7,4,2025-10-10 8:00,11,90,16
8,4,2025-10-11 8:00,12,154,18
9,3,2025-10-11 8:00,14,333,21
10,3,2025-10-11 8:00,9,402,13
11,4,2025-10-13 8:00,13,211,19
12,4,2025-10-13 8:00,17,124,26
13,3,2025-10-14 8:00,18,256,27
14,5,2025-10-14 8:00,20,175,30
15,3,2025-10-16 8:00,19,301,28
16,3,2025-10-16 8:00,21,220,31
17,2,2025-10-16 8:00,23,184,35
18,4,2025-10-17 8:00,22,73,32
19,3,2025-10-17 8:00,24,264,36
20,4,2025-10-17 8:00,26,142,39
21,4,2025-10-19 8:00,25,39,37
22,1,2025-10-19 8:00,27,318,41
23,3,2025-10-19 8:00,29,352,43
24,3,2025-10-20 8:00,28,199,42
25,4,2025-10-22 8:00,35,410,52
26,2,2025-10-23 8:00,34,340,51
27,4,2025-10-23 8:00,36,52,53
28,3,2025-10-23 8:00,38,360,56
29,3,2025-10-25 8:00,37,289,57
30,5,2025-10-25 8:00,1,108,58
31,4,2025-10-25 8:00,3,314,61
32,5,2025-10-26 8:00,2,231,60
33,3,2025-10-26 8:00,4,386,63
34,5,2025-10-26 8:00,6,158,66
35,4,2025-10-28 8:00,7,243,67
36,2,2025-10-28 8:00,9,404,71
37,3,2025-10-29 8:00,8,371,68
38,4,2025-10-29 8:00,10,169,72
39,2,2025-10-31 8:00,11,295,73
40,3,2025-11-06 8:00,42,135,86
41,5,2025-11-07 8:00,41,88,85
42,4,2025-11-07 8:00,43,176,88
43,3,2025-11-08 8:00,44,211,89
44,4,2025-11-08 8:00,46,319,92
45,4,2025-11-08 8:00,48,397,94
46,4,2025-11-08 8:00,51,73,98
47,4,2025-11-09 8:00,47,352,93
48,5,2025-11-09 8:00,49,420,95
49,5,2025-11-09 8:00,54,124,102
50,5,2025-11-10 8:00,50,58,96
51,5,2025-11-11 8:00,57,167,106
52,4,2025-11-13 8:00,63,245,114
53,4,2025-11-14 8:00,62,231,113
54,2,2025-11-16 8:00,70,326,124
55,2,2025-11-16 8:00,72,340,126
56,3,2025-11-16 8:00,3,371,131
57,4,2025-11-17 8:00,71,333,125
58,3,2025-11-17 8:00,1,352,127
59,4,2025-11-17 8:00,4,386,132
60,5,2025-11-17 8:00,6,410,134
61,4,2025-11-18 8:01,2,360,128
62,3,2025-11-19 8:01,7,415,135
63,5,2025-11-19 8:01,9,39,138
64,5,2025-11-20 8:01,8,25,137
65,5,2025-11-21 8:01,15,129,146
66,3,2025-11-22 8:01,14,112,145
67,4,2025-11-23 8:01,17,158,149
68,3,2025-11-23 8:01,19,188,152
69,5,2025-11-23 8:01,21,218,154
70,3,2025-11-24 8:01,20,209,153
71,3,2025-11-24 8:01,24,274,158
72,3,2025-11-25 8:01,23,248,157
73,2,2025-11-25 8:01,25,287,159
74,2,2025-11-25 8:01,27,334,163
75,3,2025-11-26 8:01,26,305,160
76,2,2025-11-26 8:01,28,362,164
77,3,2025-11-26 8:01,31,70,168
78,5,2025-11-26 8:01,33,190,171
79,3,2025-11-27 8:01,29,390,165
80,4,2025-11-27 8:01,32,99,169
81,3,2025-11-27 8:01,34,295,172
82,2,2025-11-27 8:01,36,403,174
83,3,2025-11-28 8:01,35,375,173
84,3,2025-11-29 8:01,38,279,177
85,4,2025-11-30 8:01,40,70,180
86,4,2025-12-01 8:01,41,129,181
87,4,2025-12-01 8:01,43,248,184
88,3,2025-12-01 8:01,45,362,186
89,5,2025-12-02 8:01,46,411,187
90,4,2025-12-05 8:01,73,12,192
91,4,2025-12-06 8:01,76,47,196
92,4,2025-12-06 8:01,78,57,198
93,5,2025-12-09 8:01,74,27,194
94,5,2025-12-10 8:01,77,52,197
95,5,2025-12-05 8:00,85,95,205
96,5,2025-12-06 8:00,80,68,200
97,3,2025-12-06 8:00,92,135,212
98,4,2025-12-06 8:00,94,143,214
99,4,2025-12-07 8:00,106,199,228
100,5,2025-12-08 8:00,87,99,207
101,5,2025-12-08 8:00,97,158,219
102,4,2025-12-08 8:00,99,167,221
103,4,2025-12-08 8:00,101,175,223
104,5,2025-12-08 8:00,113,243,236
105,4,2025-12-08 8:00,115,248,238
106,3,2025-12-08 8:00,127,319,251
107,5,2025-12-09 8:00,86,96,206
108,4,2025-12-09 8:00,88,108,208
109,5,2025-12-09 8:00,90,124,210
110,5,2025-12-09 8:00,91,129,211
111,5,2025-12-09 8:00,93,142,213
112,4,2025-12-09 8:00,120,279,244
113,4,2025-12-09 8:00,122,289,246
114,4,2025-12-09 8:00,136,375,261
115,5,2025-12-09 8:00,9,39,273
116,3,2025-12-10 8:00,81,70,201
117,5,2025-12-10 8:00,95,154,217
118,4,2025-12-10 8:00,107,203,229
119,3,2025-12-10 8:00,111,220,233
120,3,2025-12-10 8:00,121,287,245
121,3,2025-12-10 8:00,125,305,249
122,5,2025-12-12 8:00,84,88,204
123,5,2025-12-12 8:00,98,166,220
124,5,2025-12-12 8:00,102,176,224
125,5,2025-12-12 8:00,103,181,225
126,5,2025-12-12 8:00,112,231,234
127,4,2025-12-12 8:00,116,256,239
128,5,2025-12-12 8:00,139,397,264
129,3,2025-12-12 8:00,2,404,266
130,4,2025-12-12 8:00,4,411,268
131,5,2025-12-12 8:00,16,73,282
132,4,2025-12-12 8:00,18,88,284
133,2,2025-12-13 8:00,128,326,252
134,3,2025-12-13 8:00,130,334,255
135,4,2025-12-13 8:00,132,352,257
136,4,2025-12-13 8:00,21,99,287
137,5,2025-12-13 8:00,7,12,271
138,4,2025-12-14 8:00,96,157,218
139,3,2025-12-14 8:00,119,276,243
140,2,2025-12-14 8:00,123,295,247
141,3,2025-12-14 8:00,133,360,258
142,4,2025-12-14 8:00,135,371,260
143,3,2025-12-14 8:00,23,112,289
144,5,2025-12-14 8:00,34,12,301
145,5,2025-12-15 8:00,126,314,250
146,4,2025-12-15 8:00,1,402,265
147,3,2025-12-15 8:00,5,415,269
148,5,2025-12-15 8:00,24,124,290
149,4,2025-12-15 8:00,28,143,295
150,4,2025-12-15 8:00,32,166,299
151,5,2025-12-15 8:00,41,68,308
152,5,2025-12-15 8:00,12,57,278
153,3,2025-12-16 8:00,131,340,256
154,4,2025-12-16 8:00,117,264,240
155,5,2025-12-16 8:01,17,81,283
156,5,2025-12-16 8:01,19,95,285
157,5,2025-12-16 8:01,31,158,298
158,4,2025-12-16 8:01,38,52,305
159,5,2025-12-16 8:01,52,129,321
160,5,2025-12-16 8:01,56,154,325
161,2,2025-12-17 8:01,138,390,263
162,5,2025-12-17 8:01,48,99,317
163,5,2025-12-17 8:01,62,175,332
164,3,2025-12-17 8:01,79,274,350
165,5,2025-12-17 8:01,33,167,300
166,5,2025-12-18 8:01,13,58,279
167,5,2025-12-18 8:01,22,108,288
168,5,2025-12-18 8:01,27,142,293
169,5,2025-12-18 8:01,44,73,310
170,4,2025-12-18 8:01,72,220,343
171,3,2025-12-18 8:01,97,375,371
172,4,2025-12-19 8:01,20,96,286
173,5,2025-12-19 8:01,29,154,296
174,4,2025-12-19 8:01,66,190,336
175,4,2025-12-19 8:01,69,209,340
176,3,2025-12-19 8:01,70,211,341
177,4,2025-12-19 8:01,82,218,504
178,3,2025-12-19 8:01,83,289,354
179,4,2025-12-19 8:01,39,57,306
180,4,2025-12-19 8:01,40,58,307
181,4,2025-12-19 8:01,42,70,309
182,4,2025-12-20 8:01,35,27,302
183,5,2025-12-20 8:01,36,39,303
184,5,2025-12-20 8:01,63,176,333
185,3,2025-12-20 8:01,67,199,338
186,3,2025-12-20 8:01,77,256,348
187,4,2025-12-20 8:01,80,276,351
188,3,2025-12-20 8:01,93,352,367
189,5,2025-12-20 8:01,121,99,396
190,4,2025-12-20 8:01,59,158,328
191,5,2025-12-21 8:01,87,314,360
192,4,2025-12-21 8:01,90,333,363
193,2,2025-12-21 8:01,91,334,364
194,5,2025-12-21 8:01,74,243,345
195,5,2025-12-21 8:01,104,411,379
196,4,2025-12-21 8:01,47,96,316
197,4,2025-12-21 8:01,49,108,318
198,5,2025-12-21 8:01,60,167,330
199,4,2025-12-21 8:01,61,169,331
200,5,2025-12-21 8:01,118,88,393
201,5,2025-12-22 8:01,72,218,342
202,4,2025-12-22 8:01,85,301,356
203,3,2025-12-22 8:01,101,402,376
204,5,2025-12-22 8:01,44,81,311
205,4,2025-12-22 8:01,51,124,320
206,4,2025-12-22 8:01,41,68,389
207,3,2025-12-22 8:01,40,70,390
208,5,2025-12-22 8:01,128,143,405
209,3,2025-12-22 8:01,137,47,414
210,4,2025-12-22 8:01,4,81,421
211,2,2025-12-23 8:01,95,362,369
212,4,2025-12-23 8:01,68,203,339
213,3,2025-12-23 8:01,81,279,352
214,2,2025-12-23 8:01,82,287,353
215,5,2025-12-23 8:02,108,27,383
216,4,2025-12-23 8:02,109,39,384
217,5,2025-12-23 8:02,112,52,386
218,5,2025-12-23 8:02,113,57,387
219,4,2025-12-23 8:02,134,12,411
220,4,2025-12-23 8:02,2,68,418
221,3,2025-12-24 8:02,75,245,346
222,5,2025-12-24 8:02,130,108,399
223,5,2025-12-24 8:02,133,166,409
224,4,2025-12-24 8:02,3,73,419
225,3,2025-12-25 8:02,89,326,362
226,2,2025-12-25 8:02,102,404,377
227,4,2025-12-25 8:02,103,410,378
228,4,2025-12-25 8:02,17,167,435
229,3,2025-12-25 8:02,25,220,443
230,3,2025-12-25 8:02,35,301,454
231,3,2025-12-26 8:02,96,371,370
232,3,2025-12-26 8:02,98,386,372
233,4,2025-12-26 8:02,110,47,385
234,5,2025-12-26 8:02,114,58,388
235,3,2025-12-26 8:02,126,135,403
236,4,2025-12-26 8:02,127,142,404
237,5,2025-12-26 8:02,135,27,412
238,4,2025-12-26 8:02,6,95,423
239,5,2025-12-26 8:02,7,99,424
240,5,2025-12-26 8:02,22,203,440
241,4,2025-12-26 8:02,31,274,450
242,4,2025-12-26 8:02,36,305,455
243,3,2025-12-26 8:02,43,360,462
244,4,2025-12-27 8:02,65,99,486
245,3,2025-12-27 8:02,88,264,510
246,5,2025-12-27 8:02,120,96,395
247,4,2025-12-27 8:02,15,154,431
248,4,2025-12-27 8:02,28,245,447
249,3,2025-12-27 8:02,29,256,448
250,5,2025-12-27 8:02,133,167,410
251,4,2025-12-28 8:02,139,57,416
252,5,2025-12-28 8:02,1,58,417
253,4,2025-12-28 8:02,18,175,436
254,4,2025-12-28 8:02,19,181,437
255,4,2025-12-28 8:02,37,314,456
256,3,2025-12-28 8:02,40,333,459
257,4,2025-12-28 8:02,51,415,470
258,5,2025-12-28 8:02,52,420,471
259,5,2025-12-29 8:02,8,108,425
260,5,2025-12-29 8:02,10,124,427
261,4,2025-12-29 8:02,11,129,428
262,3,2025-12-29 8:02,23,211,441
263,3,2025-12-29 8:02,33,289,452
264,2,2025-12-29 8:02,34,295,453
265,4,2025-12-29 8:02,44,371,463
266,5,2025-12-29 8:02,58,57,479
267,5,2025-12-29 8:02,59,58,480
268,5,2025-12-29 8:02,69,129,490
269,4,2025-12-29 8:02,86,243,507
270,5,2025-12-30 8:02,15,157,433
271,5,2025-12-30 8:02,16,166,434
272,4,2025-12-30 8:02,48,397,467
273,3,2025-12-30 8:02,49,402,468
274,5,2025-12-30 8:03,55,39,476
275,4,2025-12-30 8:03,56,47,477
276,4,2025-12-30 8:03,68,112,488
277,3,2025-12-30 8:03,50,112,319
278,5,2025-12-30 8:03,95,12,573
279,4,2025-12-31 8:03,36,39,413
280,5,2025-12-31 8:03,27,243,446
281,3,2025-12-31 8:03,30,264,449
282,3,2025-12-31 8:03,38,319,457
283,2,2025-12-31 8:03,41,340,460
284,3,2025-12-31 8:03,46,386,465
285,5,2025-12-31 8:03,50,410,469
286,4,2025-12-31 8:03,53,12,473
287,5,2025-12-31 8:03,62,81,483
288,4,2025-12-31 8:03,63,88,484
289,5,2025-12-31 8:03,64,95,485
290,5,2025-12-31 8:03,77,181,498
291,4,2025-12-31 8:03,89,274,567
292,3,2025-12-31 8:03,98,47,576
293,5,2025-12-31 8:03,101,95,579
294,4,2025-12-31 8:03,103,129,581
295,3,2025-12-31 8:03,120,333,598
296,5,2025-12-31 8:03,125,397,603
297,3,2026-01-01 8:03,45,375,464
298,5,2026-01-01 8:03,60,68,481
299,5,2026-01-01 8:03,61,73,482
300,4,2026-01-01 8:03,66,108,487
301,4,2026-01-01 8:03,70,135,491
302,3,2026-01-01 8:03,79,199,501
303,3,2026-01-01 8:03,86,245,508
304,4,2026-01-01 8:03,106,166,584
305,5,2026-01-01 8:03,111,218,589
306,3,2026-01-02 8:03,42,352,461
307,5,2026-01-02 8:03,54,27,474
308,5,2026-01-02 8:03,57,52,478
309,5,2026-01-02 8:03,68,124,489
310,5,2026-01-02 8:03,71,142,492
311,5,2026-01-02 8:03,76,175,497
312,5,2026-01-02 8:03,104,142,582
313,3,2026-01-02 8:03,115,264,593
314,3,2026-01-02 8:03,122,360,600
315,4,2026-01-02 8:03,128,420,606
316,5,2026-01-03 8:03,73,154,493
317,5,2026-01-03 8:03,73,157,494
318,5,2026-01-03 8:03,75,167,496
319,5,2026-01-03 8:03,78,190,499
320,5,2026-01-03 8:03,80,203,502
321,3,2026-01-03 8:03,90,279,568
322,4,2026-01-03 8:03,91,289,569
323,4,2026-01-03 8:03,98,58,577
324,4,2026-01-03 8:03,118,301,596
325,4,2026-01-03 8:03,138,181,616
326,3,2026-01-04 8:03,92,295,570
327,3,2026-01-04 8:03,94,305,572
328,4,2026-01-04 8:03,96,27,574
329,5,2026-01-04 8:03,131,68,609
330,5,2026-01-04 8:03,140,12,623
331,4,2026-01-04 8:03,141,81,624
332,4,2026-01-04 8:03,143,264,626
333,5,2026-01-04 8:03,150,166,633
334,4,2026-01-05 8:04,81,211,503
335,5,2026-01-05 8:04,102,108,580
336,5,2026-01-05 8:04,108,181,586
337,4,2026-01-05 8:04,126,402,604
338,4,2026-01-05 8:04,164,386,649
339,5,2026-01-06 8:04,97,39,575
340,5,2026-01-06 8:04,105,154,583
341,4,2026-01-06 8:04,121,352,599
342,4,2026-01-06 8:04,130,52,608
343,5,2026-01-06 8:04,134,108,612
344,4,2026-01-06 8:04,161,57,646
345,4,2026-01-06 8:04,171,220,656
346,4,2026-01-07 8:04,112,231,590
347,3,2026-01-07 8:04,114,256,592
348,3,2026-01-07 8:04,123,371,601
349,5,2026-01-07 8:04,127,410,605
350,4,2026-01-07 8:04,154,167,638
351,3,2026-01-07 8:04,155,274,639
352,5,2026-01-07 8:04,156,410,641
353,4,2026-01-07 8:04,157,68,642
354,4,2026-01-07 8:04,158,154,643
355,5,2026-01-07 8:04,168,314,653
356,5,2026-01-07 8:04,182,108,668
357,5,2026-01-08 8:04,129,25,607
358,5,2026-01-08 8:04,135,129,613
359,5,2026-01-08 8:04,137,166,615
360,4,2026-01-08 8:04,139,203,617
361,3,2026-01-08 8:04,4,289,621
362,4,2026-01-08 8:04,178,124,663
363,4,2026-01-08 8:04,192,279,678
364,5,2026-01-08 8:04,203,175,690
365,5,2026-01-09 8:04,132,81,610
366,3,2026-01-09 8:04,144,371,627
367,5,2026-01-09 8:04,145,88,628
368,4,2026-01-09 8:04,146,175,629
369,3,2026-01-09 8:04,148,415,631
370,5,2026-01-09 8:04,149,73,632
371,5,2026-01-09 8:04,162,157,647
372,4,2026-01-09 8:04,175,218,660
373,3,2026-01-09 8:04,176,301,661
374,4,2026-01-09 8:04,186,112,672
375,5,2026-01-09 8:04,189,27,675
376,5,2026-01-09 8:04,199,181,685
377,3,2026-01-09 8:04,200,264,686
378,5,2026-01-10 8:04,169,52,654
379,3,2026-01-10 8:04,170,135,655
380,4,2026-01-10 8:04,173,47,658
381,2,2026-01-10 8:04,196,326,682
382,5,2026-01-10 8:04,197,12,683
383,5,2026-01-10 8:04,23,420,723
384,3,2026-01-10 8:04,32,30,733
385,4,2026-01-11 8:04,136,154,614
386,4,2026-01-11 8:04,151,256,634
387,3,2026-01-11 8:04,153,70,637
388,4,2026-01-11 8:04,166,142,651
389,3,2026-01-11 8:04,180,360,666
390,5,2026-01-11 8:04,194,96,680
391,4,2026-01-11 8:04,207,166,695
392,3,2026-01-11 8:04,6,333,705
393,5,2026-01-11 8:04,7,57,706
394,5,2026-01-11 8:05,9,243,708
395,3,2026-01-11 8:05,10,386,709
396,4,2026-01-11 8:05,20,129,720
397,5,2026-01-11 8:05,29,9,730
398,5,2026-01-11 8:05,39,79,740
399,5,2026-01-11 8:05,50,56,751
400,5,2026-01-12 8:05,163,243,648
401,4,2026-01-12 8:05,187,199,673
402,4,2026-01-12 8:05,190,95,676
403,4,2026-01-12 8:05,191,190,677
404,4,2026-01-12 8:05,201,371,687
405,4,2026-01-12 8:05,204,305,691
406,4,2026-01-12 8:05,206,73,694
407,5,2026-01-12 8:05,3,68,702
408,5,2026-01-12 8:05,4,154,703
409,3,2026-01-12 8:05,17,220,717
410,5,2026-01-12 8:05,36,58,737
411,2,2026-01-12 8:05,47,35,748
412,3,2026-01-12 8:05,57,5,759
413,5,2026-01-13 8:05,174,129,659
414,2,2026-01-13 8:05,188,340,674
415,4,2026-01-13 8:05,198,81,684
416,4,2026-01-13 8:05,211,167,699
417,3,2026-01-13 8:05,1,274,700
418,5,2026-01-13 8:05,24,124,724
419,4,2026-01-13 8:05,27,39,728
420,5,2026-01-13 8:05,28,108,729
421,5,2026-01-13 8:05,33,37,734
422,5,2026-01-13 8:05,43,7,744
423,4,2026-01-13 8:05,44,14,745
424,4,2026-01-13 8:05,54,84,755
425,4,2026-01-14 8:05,142,181,625
426,5,2026-01-14 8:05,181,39,667
427,2,2026-01-14 8:05,195,188,681
428,4,2026-01-14 8:05,208,256,696
429,4,2026-01-14 8:05,209,352,697
430,4,2026-01-14 8:05,11,58,710
431,5,2026-01-14 8:05,21,218,721
432,3,2026-01-14 8:05,26,211,726
433,3,2026-01-14 8:05,30,16,731
434,3,2026-01-14 8:05,41,86,741
435,4,2026-01-14 8:05,42,93,742
436,3,2026-01-14 8:05,51,63,752
437,4,2026-01-15 8:05,202,88,689
438,3,2026-01-15 8:05,205,415,693
439,4,2026-01-15 8:05,5,245,704
440,4,2026-01-15 8:05,18,375,718
441,3,2026-01-15 8:05,19,47,719
442,3,2026-01-15 8:05,37,65,738
443,3,2026-01-15 8:05,38,72,739
444,4,2026-01-15 8:05,58,12,760
445,4,2026-01-15 8:05,59,19,761
446,4,2026-01-16 8:05,160,333,645
447,5,2026-01-16 8:05,15,52,715
448,3,2026-01-16 8:05,34,44,735
449,4,2026-01-16 8:05,35,51,736
450,3,2026-01-16 8:05,45,21,746
451,3,2026-01-16 8:05,55,91,756
452,5,2026-01-16 8:05,56,98,757
453,5,2026-01-17 8:05,2,231,619
454,5,2026-01-17 8:06,12,142,711
455,4,2026-01-17 8:06,26,360,727
456,3,2026-01-17 8:06,31,23,732
457,3,2026-01-17 8:06,42,100,743
458,3,2026-01-17 8:06,53,77,754
459,3,2026-01-18 8:06,49,49,750
460,5,2026-01-18 8:06,60,26,762
461,3,2026-01-19 8:06,3,256,620
462,4,2026-01-19 8:06,46,28,747
463,4,2026-02-15 8:06,55,143,324
464,4,2026-03-10 8:06,210,70,698
465,3,2026-01-12 8:00,68,82,771
466,4,2026-01-13 8:00,65,61,767
467,5,2026-01-13 8:00,72,10,775
468,3,2026-01-13 8:00,75,31,778
469,3,2026-01-14 8:00,62,40,764
470,4,2026-01-14 8:00,81,73,785
471,3,2026-01-14 8:00,92,50,796
472,4,2026-01-14 8:00,101,14,805
473,4,2026-01-15 8:00,88,22,792
474,5,2026-01-15 8:00,89,29,793
475,5,2026-01-15 8:00,99,99,803
476,4,2026-01-16 8:00,85,1,789
477,4,2026-01-16 8:00,86,8,790
478,3,2026-01-16 8:00,96,78,800
479,3,2026-01-16 8:00,104,35,808
480,3,2026-01-16 8:00,136,14,843
481,3,2026-01-17 8:00,73,17,776
482,4,2026-01-17 8:00,74,24,777
483,5,2026-01-17 8:00,82,80,786
484,5,2026-01-17 8:00,93,57,797
485,3,2026-01-17 8:00,111,84,817
486,5,2026-01-17 8:00,126,89,832
487,4,2026-01-17 8:00,129,1,835
488,3,2026-01-17 8:00,138,18,845
489,5,2026-01-17 8:00,163,79,872
490,2,2026-01-17 8:00,171,103,880
491,5,2026-01-18 8:00,66,68,768
492,4,2026-01-18 8:00,70,96,773
493,4,2026-01-18 8:00,71,3,774
494,3,2026-01-18 8:00,77,45,780
495,4,2026-01-18 8:00,78,52,781
496,5,2026-01-18 8:00,79,59,782
497,4,2026-01-18 8:00,87,15,791
498,3,2026-01-18 8:00,90,36,794
499,3,2026-01-18 8:00,108,63,812
500,5,2026-01-18 8:00,115,12,821
501,3,2026-01-18 8:00,116,19,822
502,4,2026-01-18 8:00,118,33,824
503,5,2026-01-18 8:00,123,68,829
504,4,2026-01-18 8:00,143,29,850
505,3,2026-01-18 8:00,151,47,859
506,4,2026-01-18 8:00,157,61,865
507,3,2026-01-18 8:00,165,84,874
508,4,2026-01-18 8:00,178,135,887
509,5,2026-01-19 8:00,67,75,769
510,5,2026-01-19 8:00,84,94,788
511,3,2026-01-19 8:00,94,64,798
512,3,2026-01-19 8:00,95,71,799
513,3,2026-01-19 8:00,105,42,809
514,4,2026-01-19 8:00,113,98,819
515,4,2026-01-19 8:00,145,33,852
516,5,2026-01-19 8:00,153,52,861
517,4,2026-01-19 8:00,159,68,868
518,5,2026-01-19 8:00,164,81,873
519,5,2026-01-19 8:00,172,108,881
520,5,2026-01-19 8:00,180,143,889
521,4,2026-01-19 8:00,207,289,918
522,5,2026-01-20 8:00,64,54,766
523,4,2026-01-20 8:00,76,38,779
524,3,2026-01-20 8:00,91,43,795
525,4,2026-01-20 8:01,97,85,801
526,3,2026-01-20 8:01,102,21,806
527,3,2026-01-20 8:01,109,70,815
528,4,2026-01-20 8:01,120,47,826
529,4,2026-01-20 8:01,127,96,833
530,5,2026-01-20 8:01,128,3,834
531,5,2026-01-20 8:01,133,9,839
532,4,2026-01-20 8:01,147,37,855
533,4,2026-01-20 8:01,158,63,867
534,5,2026-01-20 8:01,166,88,875
535,4,2026-01-20 8:01,174,114,883
536,4,2026-01-20 8:01,179,142,888
537,5,2026-01-20 8:01,187,175,898
538,3,2026-01-20 8:01,195,211,906
539,4,2026-01-20 8:01,200,243,911
540,4,2026-01-20 8:01,201,245,912
541,3,2026-01-20 8:01,3,333,926
542,3,2026-01-20 8:01,17,5,941
543,4,2026-01-21 8:01,69,89,772
544,3,2026-01-21 8:01,106,49,810
545,5,2026-01-21 8:01,117,26,823
546,4,2026-01-21 8:01,124,75,830
547,4,2026-01-21 8:01,125,82,831
548,4,2026-01-21 8:01,134,10,841
549,4,2026-01-21 8:01,135,12,842
550,3,2026-01-21 8:01,140,23,847
551,5,2026-01-21 8:01,168,95,877
552,4,2026-01-21 8:01,181,145,890
553,3,2026-01-21 8:01,194,209,905
554,3,2026-01-21 8:01,208,295,919
555,4,2026-01-21 8:01,11,402,935
556,5,2026-01-22 8:01,121,54,827
557,5,2026-01-22 8:01,162,75,871
558,5,2026-01-22 8:01,176,124,885
559,5,2026-01-22 8:01,182,154,891
560,5,2026-01-22 8:01,188,176,899
561,3,2026-01-22 8:01,202,248,913
562,3,2026-01-22 8:01,4,340,927
563,3,2026-01-22 8:01,5,352,928
564,5,2026-01-22 8:01,10,397,934
565,5,2026-01-23 8:01,142,27,849
566,4,2026-01-23 8:01,155,57,863
567,5,2026-01-23 8:01,156,58,864
568,5,2026-01-23 8:01,161,73,870
569,5,2026-01-23 8:01,169,96,878
570,5,2026-01-23 8:01,177,129,886
571,2,2026-01-23 8:01,190,184,901
572,2,2026-01-23 8:01,198,223,909
573,4,2026-01-23 8:01,209,301,920
574,5,2026-01-23 8:01,211,314,923
575,4,2026-01-23 8:01,7,371,930
576,4,2026-01-23 8:01,12,410,936
577,5,2026-01-23 8:01,31,142,956
578,2,2026-01-24 8:01,175,118,884
579,5,2026-01-24 8:01,184,166,894
580,3,2026-01-24 8:01,192,199,903
581,4,2026-01-24 8:01,197,220,908
582,4,2026-01-24 8:01,203,256,914
583,4,2026-01-24 8:01,6,360,929
584,4,2026-01-24 8:02,25,81,950
585,4,2026-01-24 8:02,45,301,970
586,5,2026-01-25 8:02,170,99,879
587,5,2026-01-25 8:02,191,190,902
588,4,2026-01-25 8:02,199,231,910
589,4,2026-01-25 8:02,8,375,931
590,4,2026-01-25 8:02,13,415,937
591,5,2026-01-25 8:02,19,12,943
592,4,2026-01-25 8:02,27,95,952
593,4,2026-01-25 8:02,33,166,958
594,4,2026-01-25 8:02,38,218,963
595,4,2026-01-25 8:02,44,289,969
596,3,2026-01-25 8:02,51,386,978
597,5,2026-01-25 8:02,63,73,990
598,4,2026-01-25 8:02,67,108,994
599,4,2026-01-26 8:02,1,319,924
600,5,2026-01-26 8:02,21,39,946
601,4,2026-01-26 8:02,26,88,951
602,5,2026-01-26 8:02,40,243,965
603,3,2026-01-26 8:02,42,264,967
604,4,2026-01-26 8:02,46,314,972
605,3,2026-01-26 8:02,50,371,977
606,5,2026-01-26 8:02,62,68,989
607,4,2026-01-26 8:02,69,129,996
608,5,2026-01-26 8:02,72,166,999
609,4,2026-01-26 8:02,73,175,1000
610,3,2026-01-27 8:02,160,70,869
611,5,2026-01-27 8:02,185,167,895
612,3,2026-01-27 8:02,206,279,917
613,4,2026-01-27 8:02,9,386,933
614,4,2026-01-27 8:02,20,25,944
615,4,2026-01-27 8:02,28,108,953
616,3,2026-01-27 8:02,47,333,973
617,3,2026-01-27 8:02,48,352,974
618,5,2026-01-27 8:02,52,397,979
619,5,2026-01-27 8:02,58,12,985
620,4,2026-01-27 8:02,61,190,961
621,4,2026-01-27 8:02,64,81,991
622,4,2026-01-27 8:02,79,243,1007
623,5,2026-01-28 8:02,16,3,940
624,5,2026-01-28 8:02,22,52,947
625,4,2026-01-28 8:02,30,129,955
626,4,2026-01-28 8:02,32,154,957
627,5,2026-01-28 8:02,35,181,960
628,5,2026-01-28 8:02,54,410,981
629,4,2026-01-28 8:02,60,39,987
630,5,2026-01-28 8:02,70,142,997
631,4,2026-01-28 8:02,81,264,1009
632,5,2026-01-28 8:02,132,7,838
633,4,2026-01-29 8:02,29,124,954
634,3,2026-01-29 8:02,53,402,980
635,5,2026-01-29 8:02,65,88,992
636,5,2026-01-29 8:02,66,95,993
637,5,2026-01-29 8:02,37,203,962
638,4,2026-01-30 8:02,23,68,948
639,3,2026-01-30 8:02,55,415,982
640,5,2026-01-30 8:03,59,25,986
641,4,2026-01-30 8:03,61,52,988
642,5,2026-01-30 8:03,71,154,998
643,3,2026-01-30 8:03,83,289,1011
644,4,2026-02-01 8:03,34,175,959
645,4,2026-02-01 8:03,82,274,1010
646,4,2026-02-02 8:03,68,124,995
647,3,2026-02-03 8:03,80,256,1008
648,4,2026-02-04 8:03,76,203,1004
649,4,2026-02-18 8:03,130,3,836
650,3,2026-02-23 8:03,114,5,820
651,5,2026-02-24 8:03,18,1,942
652,4,2026-02-27 8:03,56,420,983
653,5,2026-02-28 8:03,75,190,1003
654,4,2026-03-01 8:03,74,181,1002
655,4,2026-03-13 8:03,154,54,862
656,5,2026-03-17 8:03,57,1,984
657,3,2026-03-18 8:03,119,40,825
658,4,2026-03-18 8:03,139,21,846
659,4,2026-03-20 8:03,131,5,837
660,3,2026-03-21 8:03,152,49,860
661,4,2026-03-21 8:03,183,157,892
662,3,2026-01-27 8:00,84,301,1012
663,4,2026-01-29 8:00,85,314,1013
664,5,2026-01-29 8:00,96,1,1025
665,5,2026-01-29 8:00,112,175,1042
666,3,2026-01-30 8:00,87,352,1015
667,5,2026-01-30 8:00,99,39,1023
668,4,2026-01-30 8:00,102,73,1032
669,5,2026-01-30 8:00,108,129,1038
670,4,2026-01-30 8:00,114,190,1044
671,3,2026-01-30 8:00,124,24,1056
672,5,2026-01-31 8:00,93,410,1021
673,5,2026-01-31 8:00,97,12,1026
674,5,2026-01-31 8:00,101,68,1031
675,5,2026-01-31 8:00,106,108,1036
676,5,2026-01-31 8:00,118,1,1050
677,5,2026-01-31 8:00,125,27,1057
678,4,2026-01-31 8:00,131,51,1063
679,3,2026-02-01 8:00,88,360,1016
680,3,2026-02-01 8:00,89,371,1017
681,3,2026-02-01 8:00,90,386,1018
682,5,2026-02-01 8:00,103,81,1033
683,4,2026-02-01 8:00,109,142,1039
684,5,2026-02-01 8:00,113,181,1043
685,5,2026-02-01 8:00,115,203,1045
686,5,2026-02-01 8:00,133,59,1065
687,3,2026-02-01 8:00,139,83,1071
688,4,2026-02-01 8:00,145,6,1077
689,5,2026-02-02 8:00,105,95,1035
690,5,2026-02-02 8:00,111,166,1041
691,5,2026-02-02 8:00,117,231,1047
692,3,2026-02-02 8:00,119,5,1051
693,2,2026-02-02 8:00,127,35,1059
694,5,2026-02-02 8:00,132,55,1064
695,5,2026-02-02 8:00,157,54,1091
696,4,2026-02-02 8:00,163,78,1097
697,3,2026-02-03 8:00,92,402,1020
698,4,2026-02-03 8:00,99,39,1029
699,5,2026-02-03 8:00,100,52,1030
700,4,2026-02-03 8:00,121,12,1053
701,3,2026-02-03 8:00,126,31,1058
702,4,2026-02-03 8:00,140,87,1072
703,4,2026-02-03 8:00,146,10,1079
704,4,2026-02-03 8:00,150,26,1083
705,3,2026-02-03 8:00,152,34,1085
706,3,2026-02-03 8:00,156,50,1089
707,5,2026-02-03 8:00,162,74,1096
708,5,2026-02-03 8:00,167,94,1101
709,3,2026-02-03 8:00,173,19,1108
710,3,2026-02-03 8:00,179,41,1114
711,5,2026-02-04 8:00,98,25,1027
712,4,2026-02-04 8:00,130,47,1062
713,3,2026-02-04 8:00,141,91,1073
714,4,2026-02-04 8:00,142,95,1074
715,3,2026-02-04 8:00,148,18,1081
716,3,2026-02-04 8:00,160,66,1094
717,4,2026-02-04 8:00,164,82,1098
718,5,2026-02-04 8:00,169,3,1104
719,3,2026-02-04 8:00,174,23,1109
720,3,2026-02-04 8:00,180,45,1115
721,5,2026-02-04 8:01,186,69,1121
722,3,2026-02-04 8:01,192,93,1127
723,4,2026-02-04 8:01,212,1,1130
724,4,2026-02-04 8:01,224,166,1142
725,5,2026-02-05 8:01,116,218,1046
726,3,2026-02-05 8:01,122,16,1054
727,5,2026-02-05 8:01,128,39,1060
728,5,2026-02-05 8:01,143,99,1075
729,5,2026-02-05 8:01,144,2,1076
730,4,2026-02-05 8:01,147,14,1080
731,3,2026-02-05 8:01,151,30,1084
732,4,2026-02-05 8:01,154,42,1087
733,4,2026-02-05 8:01,158,58,1092
734,5,2026-02-05 8:01,168,98,1102
735,5,2026-02-05 8:01,175,25,1110
736,3,2026-02-05 8:01,176,29,1111
737,3,2026-02-05 8:01,181,49,1116
738,4,2026-02-06 8:01,129,43,1061
739,5,2026-02-06 8:01,135,67,1067
740,4,2026-02-06 8:01,136,71,1068
741,5,2026-02-06 8:01,153,38,1086
742,3,2026-02-06 8:01,165,86,1099
743,5,2026-02-06 8:01,166,90,1100
744,4,2026-02-06 8:01,182,53,1117
745,4,2026-02-06 8:01,213,12,1131
746,4,2026-02-06 8:01,219,95,1137
747,3,2026-02-07 8:01,123,20,1055
748,5,2026-02-07 8:01,137,75,1069
749,4,2026-02-07 8:01,138,79,1070
750,3,2026-02-07 8:01,155,46,1088
751,5,2026-02-07 8:01,221,124,1139
752,4,2026-02-07 8:01,227,203,1145
753,3,2026-02-07 8:01,237,333,1156
754,3,2026-02-07 8:01,249,16,1169
755,4,2026-02-07 8:01,255,47,1175
756,5,2026-02-07 8:01,260,73,1180
757,5,2026-02-07 8:01,266,142,1187
758,4,2026-02-08 8:01,107,124,1037
759,5,2026-02-08 8:01,171,11,1106
760,4,2026-02-08 8:01,177,33,1112
761,5,2026-02-08 8:01,183,57,1118
762,4,2026-02-08 8:01,214,27,1132
763,5,2026-02-08 8:01,220,108,1138
764,4,2026-02-08 8:01,238,352,1157
765,3,2026-02-08 8:01,239,360,1158
766,4,2026-02-08 8:01,245,415,1164
767,5,2026-02-08 8:01,248,9,1167
768,5,2026-02-08 8:01,257,58,1177
769,3,2026-02-09 8:01,119,61,1119
770,4,2026-02-09 8:01,125,190,1125
771,3,2026-02-09 8:01,172,15,1107
772,5,2026-02-09 8:01,189,81,1124
773,5,2026-02-09 8:01,2,12,1198
774,5,2026-02-09 8:02,21,1,1219
775,4,2026-02-09 8:02,27,99,1225
776,4,2026-02-09 8:02,33,314,1231
777,4,2026-02-10 8:02,228,218,1146
778,3,2026-02-10 8:02,250,21,1170
779,4,2026-02-10 8:02,252,31,1172
780,3,2026-02-10 8:02,258,63,1178
781,5,2026-02-10 8:02,263,99,1184
782,5,2026-02-10 8:02,3,27,1199
783,4,2026-02-10 8:02,4,39,1200
784,5,2026-02-10 8:02,10,124,1206
785,4,2026-02-10 8:02,51,1,1250
786,3,2026-02-11 8:02,165,246,1165
787,5,2026-02-11 8:02,217,68,1135
788,5,2026-02-11 8:02,223,154,1141
789,5,2026-02-11 8:02,6,68,1202
790,4,2026-02-11 8:02,9,108,1205
791,5,2026-02-11 8:02,28,129,1226
792,4,2026-02-11 8:02,34,371,1232
793,5,2026-02-11 8:02,57,99,1257
794,5,2026-02-11 8:02,63,314,1263
795,3,2026-02-12 8:02,247,5,1166
796,3,2026-02-12 8:02,253,35,1173
797,5,2026-02-12 8:02,262,96,1183
798,4,2026-02-12 8:02,5,52,1201
799,5,2026-02-12 8:02,7,11,1207
800,5,2026-02-12 8:02,12,154,1208
801,5,2026-02-12 8:02,36,12,1234
802,4,2026-02-12 8:02,40,75,1238
803,3,2026-02-12 8:02,46,223,1245
804,4,2026-02-12 8:02,52,14,1251
805,4,2026-02-12 8:02,62,264,1262
806,4,2026-02-12 8:02,69,57,1269
807,4,2026-02-13 8:02,229,231,1147
808,3,2026-02-13 8:02,235,301,1153
809,5,2026-02-13 8:02,1,1,1197
810,4,2026-02-13 8:02,7,81,1203
811,5,2026-02-13 8:02,13,166,1209
812,3,2026-02-13 8:02,23,29,1221
813,4,2026-02-13 8:02,29,158,1227
814,5,2026-02-13 8:02,35,420,1233
815,5,2026-02-13 8:02,37,27,1235
816,4,2026-02-13 8:02,45,199,1243
817,4,2026-02-13 8:02,47,248,1246
818,3,2026-02-13 8:02,48,279,1247
819,4,2026-02-13 8:02,58,129,1258
820,3,2026-02-13 8:02,60,184,1260
821,3,2026-02-13 8:02,64,371,1264
822,5,2026-02-14 8:02,265,129,1186
823,4,2026-02-14 8:03,41,95,1239
824,3,2026-02-14 8:03,31,220,1229
825,5,2026-02-14 8:03,25,58,1223
826,5,2026-02-14 8:03,66,12,1266
827,3,2026-02-14 8:03,254,42,1174
828,3,2026-02-14 8:03,253,43,1253
829,5,2026-02-15 8:03,8,95,1204
830,4,2026-02-15 8:03,20,256,1218
831,3,2026-02-15 8:03,43,145,1241
832,5,2026-02-16 8:03,26,79,1224
833,3,2026-02-16 8:03,32,264,1230
834,4,2026-02-16 8:03,61,220,1261
835,4,2026-02-16 8:03,67,27,1267
836,4,2026-02-17 8:03,44,169,1242
837,4,2026-02-17 8:03,38,41,1236
838,4,2026-02-17 8:03,272,352,1193
839,4,2026-02-18 8:03,240,371,1159
840,5,2026-02-21 8:03,275,420,1196
841,4,2026-02-21 8:03,18,231,1216
842,3,2026-02-21 8:03,53,29,1252
843,3,2026-02-22 8:03,274,402,1195
844,5,2026-02-26 8:03,14,181,1211
845,5,2026-03-16 8:03,259,158,1259
846,3,2026-02-13 8:00,75,199,1276
847,4,2026-02-14 8:00,80,375,1281
848,5,2026-02-14 8:00,87,99,1288
849,3,2026-02-14 8:00,105,199,1308
850,5,2026-02-15 8:00,70,75,1270
851,3,2026-02-15 8:00,72,118,1273
852,3,2026-02-15 8:00,76,223,1277
853,5,2026-02-15 8:00,88,129,1289
854,4,2026-02-15 8:00,94,371,1295
855,5,2026-02-16 8:00,117,99,1320
856,3,2026-02-16 8:00,121,346,1324
857,4,2026-02-17 8:00,89,158,1290
858,4,2026-02-17 8:00,95,420,1296
859,4,2026-02-17 8:00,96,12,1297
860,3,2026-02-17 8:00,102,118,1305
861,4,2026-02-17 8:00,108,279,1311
862,4,2026-02-17 8:00,112,14,1315
863,4,2026-02-17 8:00,118,129,1321
864,3,2026-02-17 8:00,122,355,1325
865,4,2026-02-18 8:00,71,95,1271
866,3,2026-02-18 8:00,73,145,1274
867,3,2026-02-18 8:00,79,319,1280
868,3,2026-02-18 8:00,91,220,1292
869,4,2026-02-18 8:00,101,95,1304
870,3,2026-02-18 8:00,107,248,1310
871,2,2026-02-18 8:00,130,110,1334
872,2,2026-02-18 8:00,136,273,1340
873,3,2026-02-18 8:00,141,121,1345
874,2,2026-02-18 8:00,142,335,1346
875,5,2026-02-18 8:00,155,1,1361
876,1,2026-02-18 8:00,169,252,1375
877,3,2026-02-19 8:00,84,43,1285
878,4,2026-02-19 8:00,85,58,1286
879,5,2026-02-19 8:00,97,27,1299
880,4,2026-02-19 8:00,115,58,1318
881,4,2026-02-19 8:00,124,214,1327
882,3,2026-02-19 8:00,129,396,1333
883,4,2026-02-19 8:00,135,261,1339
884,3,2026-02-19 8:00,190,228,1398
885,4,2026-02-19 8:00,197,202,1404
886,3,2026-02-20 8:00,123,393,1326
887,3,2026-02-20 8:00,131,416,1335
888,3,2026-02-20 8:00,137,17,1341
889,4,2026-02-20 8:00,145,25,1349
890,2,2026-02-20 8:00,150,390,1355
891,5,2026-02-20 8:00,151,410,1356
892,3,2026-02-20 8:00,157,227,1363
893,3,2026-02-20 8:00,164,14,1370
894,2,2026-02-20 8:00,170,297,1376
895,3,2026-02-20 8:00,176,180,1383
896,4,2026-02-20 8:00,183,395,1391
897,3,2026-02-20 8:00,184,332,1392
898,4,2026-02-20 8:00,211,91,1419
899,3,2026-02-21 8:00,104,169,1307
900,3,2026-02-21 8:00,110,375,1313
901,5,2026-02-21 8:00,116,79,1319
902,4,2026-02-21 8:00,125,222,1329
903,3,2026-02-21 8:00,133,208,1337
904,2,2026-02-21 8:00,139,119,1343
905,4,2026-02-21 8:00,144,124,1348
906,1,2026-02-21 8:01,158,322,1364
907,3,2026-02-21 8:01,166,300,1372
908,4,2026-02-21 8:01,177,48,1384
909,2,2026-02-21 8:01,185,330,1393
910,3,2026-02-21 8:01,198,258,1405
911,3,2026-02-21 8:01,212,92,1420
912,2,2026-02-22 8:01,132,408,1336
913,1,2026-02-22 8:01,138,328,1342
914,3,2026-02-22 8:01,146,226,1350
915,1,2026-02-22 8:01,152,312,1358
916,4,2026-02-22 8:01,165,145,1371
917,1,2026-02-22 8:01,171,344,1378
918,3,2026-02-22 8:01,178,160,1385
919,3,2026-02-22 8:01,179,204,1386
920,3,2026-02-22 8:01,191,290,1399
921,3,2026-02-22 8:01,193,392,1401
922,3,2026-02-22 8:01,199,179,1406
923,5,2026-02-22 8:01,221,107,1429
924,4,2026-02-23 8:01,81,1,1282
925,5,2026-02-23 8:01,93,314,1294
926,3,2026-02-23 8:01,126,306,1330
927,2,2026-02-23 8:01,128,118,1332
928,3,2026-02-23 8:01,159,139,1365
929,2,2026-02-23 8:01,173,377,1380
930,3,2026-02-23 8:01,181,366,1388
931,1,2026-02-23 8:01,192,339,1400
932,1,2026-02-23 8:01,204,265,1411
933,3,2026-02-23 8:01,213,93,1421
934,4,2026-02-23 8:01,214,94,1422
935,2,2026-02-23 8:01,220,380,1428
936,3,2026-02-23 8:01,233,135,1442
937,3,2026-02-23 8:01,245,245,1455
938,4,2026-02-24 8:01,98,41,1300
939,4,2026-02-24 8:01,153,333,1359
940,5,2026-02-24 8:01,161,411,1367
941,3,2026-02-24 8:01,167,120,1373
942,3,2026-02-24 8:01,175,385,1382
943,2,2026-02-24 8:01,180,293,1387
944,3,2026-02-24 8:01,186,262,1394
945,2,2026-02-24 8:01,194,384,1402
946,2,2026-02-24 8:01,200,308,1407
947,3,2026-02-24 8:01,241,193,1451
948,3,2026-02-24 8:01,251,28,1461
949,5,2026-02-24 8:01,274,52,1486
950,3,2026-02-25 8:01,168,198,1374
951,2,2026-02-25 8:01,174,407,1381
952,1,2026-02-25 8:01,182,406,1389
953,3,2026-02-25 8:01,188,194,1396
954,5,2026-02-25 8:01,196,127,1403
955,3,2026-02-25 8:01,202,304,1409
956,4,2026-02-25 8:01,207,87,1414
957,4,2026-02-25 8:01,208,88,1415
958,2,2026-02-25 8:01,224,253,1433
959,3,2026-02-25 8:01,234,275,1444
960,3,2026-02-25 8:01,240,149,1450
961,3,2026-02-25 8:01,242,227,1452
962,4,2026-02-25 8:01,263,164,1475
963,4,2026-02-25 8:01,269,230,1481
964,3,2026-02-26 8:02,83,29,1284
965,2,2026-02-26 8:02,120,184,1323
966,3,2026-02-26 8:02,203,125,1410
967,5,2026-02-26 8:02,209,89,1416
968,5,2026-02-26 8:02,215,95,1423
969,3,2026-02-26 8:02,223,212,1432
970,3,2026-02-26 8:02,229,405,1438
971,4,2026-02-26 8:02,235,360,1445
972,4,2026-02-26 8:02,236,244,1446
973,4,2026-02-26 8:02,239,190,1449
974,4,2026-02-26 8:02,252,59,1462
975,1,2026-02-26 8:02,258,323,1468
976,4,2026-02-26 8:02,12,177,1499
977,3,2026-02-26 8:02,6,347,1493
978,3,2026-02-27 8:02,189,221,1397
979,5,2026-02-27 8:02,217,97,1425
980,4,2026-02-27 8:02,237,3,1447
981,3,2026-02-27 8:02,260,401,1470
982,4,2026-02-27 8:02,264,107,1476
983,1,2026-02-27 8:02,270,260,1482
984,2,2026-02-27 8:02,272,325,1484
985,3,2026-02-27 8:02,1,356,1488
986,5,2026-02-28 8:02,119,158,1322
987,4,2026-02-28 8:02,216,96,1424
988,4,2026-02-28 8:02,231,61,1440
989,1,2026-02-28 8:02,247,272,1457
990,3,2026-02-28 8:02,253,126,1463
991,1,2026-02-28 8:02,259,280,1469
992,3,2026-02-28 8:02,266,153,1478
993,3,2026-02-28 8:02,3,18,1490
994,5,2026-02-28 8:02,7,409,1494
995,3,2026-02-28 8:02,13,77,1501
996,5,2026-03-01 8:02,111,1,1314
997,2,2026-03-01 8:02,143,223,1347
998,3,2026-03-01 8:02,249,110,1459
999,5,2026-03-01 8:02,255,399,1465
1000,2,2026-03-01 8:02,261,281,1471
1001,1,2026-03-01 8:02,271,294,1483
1002,3,2026-03-01 8:02,2,365,1489
1003,4,2026-03-01 8:02,9,401,1496
1004,3,2026-03-01 8:02,15,28,1503
1005,1,2026-03-02 8:02,226,311,1435
1006,2,2026-03-02 8:02,232,270,1441
1007,4,2026-03-02 8:02,267,191,1479
1008,4,2026-03-02 8:02,273,391,1485
1009,5,2026-03-02 8:02,14,107,1502
1010,3,2026-03-03 8:02,250,113,1460
1011,3,2026-03-03 8:02,256,364,1466
1012,1,2026-03-03 8:02,262,251,1472
1013,2,2026-03-03 8:02,4,255,1491
1014,5,2026-03-03 8:02,10,80,1497
1015,4,2026-03-03 8:02,16,11,1504
1016,2,2026-03-04 8:02,268,206,1480
1017,3,2026-03-05 8:02,103,145,1306
1018,4,2026-03-05 8:02,149,29,1354
1019,3,2026-03-05 8:02,156,36,1362
1020,3,2026-03-05 8:02,11,61,1498
1021,4,2026-03-05 8:02,17,2,1505
1022,5,2026-03-13 8:02,5,39,1492
1023,4,2026-03-15 8:02,86,79,1287
1024,2,2026-03-16 8:03,106,223,1309
1025,2,2026-03-16 8:03,148,118,1352
1026,2,2026-03-17 8:03,90,184,1291
1027,4,2026-03-17 8:03,114,43,1317
1028,1,2026-03-22 8:03,243,253,1453
1029,5,2026-02-27 8:00,21,1,1509
1030,5,2026-02-27 8:00,27,81,1516
1031,2,2026-02-28 8:00,19,174,1507
1032,5,2026-03-01 8:00,22,12,1510
1033,4,2026-03-01 8:00,28,95,1517
1034,4,2026-03-01 8:00,33,166,1522
1035,5,2026-03-02 8:00,23,27,1511
1036,4,2026-03-02 8:00,24,39,1512
1037,5,2026-03-02 8:00,29,108,1518
1038,5,2026-03-02 8:00,30,124,1519
1039,4,2026-03-02 8:00,32,154,1521
1040,5,2026-03-02 8:00,38,218,1528
1041,3,2026-03-02 8:00,43,274,1533
1042,3,2026-03-02 8:00,49,371,1539
1043,3,2026-03-03 8:00,20,5,1508
1044,4,2026-03-03 8:00,34,175,1524
1045,5,2026-03-03 8:00,40,243,1530
1046,5,2026-03-03 8:00,51,420,1541
1047,5,2026-03-04 8:00,25,52,1513
1048,5,2026-03-04 8:00,36,190,1526
1049,4,2026-03-04 8:00,42,264,1532
1050,4,2026-03-04 8:00,44,289,1534
1051,4,2026-03-04 8:00,50,402,1540
1052,5,2026-03-04 8:00,61,124,1553
1053,5,2026-03-04 8:00,66,181,1558
1054,3,2026-03-05 8:00,41,256,1531
1055,5,2026-03-05 8:00,46,314,1536
1056,4,2026-03-05 8:00,52,1,1542
1057,4,2026-03-05 8:00,54,27,1546
1058,4,2026-03-05 8:00,57,68,1549
1059,5,2026-03-05 8:00,63,154,1555
1060,5,2026-03-05 8:00,65,175,1557
1061,4,2026-03-05 8:00,71,243,1563
1062,3,2026-03-05 8:00,76,301,1580
1063,3,2026-03-06 8:00,48,352,1538
1064,4,2026-03-06 8:00,67,190,1559
1065,4,2026-03-06 8:00,73,264,1577
1066,5,2026-03-06 8:00,282,8,1599
1067,3,2026-03-07 8:00,47,333,1537
1068,4,2026-03-07 8:00,53,12,1543
1069,4,2026-03-07 8:00,58,81,1550
1070,4,2026-03-07 8:00,69,218,1561
1071,3,2026-03-07 8:00,75,289,1579
1072,4,2026-03-07 8:00,277,2,1593
1073,4,2026-03-07 8:00,288,15,1606
1074,5,2026-03-08 8:00,31,142,1520
1075,3,2026-03-08 8:00,79,352,1583
1076,4,2026-03-08 8:00,279,4,1595
1077,5,2026-03-08 8:00,283,10,1600
1078,3,2026-03-08 8:00,294,21,1613
1079,4,2026-03-09 8:00,56,52,1548
1080,5,2026-03-09 8:00,59,95,1551
1081,5,2026-03-09 8:00,70,231,1562
1082,3,2026-03-09 8:00,81,402,1585
1083,4,2026-03-09 8:00,285,12,1602
1084,4,2026-03-09 8:00,289,16,1607
1085,2,2026-03-09 8:00,300,382,1620
1086,3,2026-03-10 8:00,80,371,1584
1087,4,2026-03-10 8:00,86,39,1591
1088,4,2026-03-10 8:00,280,5,1596
1089,4,2026-03-10 8:01,284,11,1601
1090,3,2026-03-10 8:01,295,22,1614
1091,4,2026-03-11 8:01,286,13,1603
1092,4,2026-03-11 8:01,290,10,1608
1093,3,2026-03-11 8:01,297,201,1616
1094,3,2026-03-11 8:01,100,288,1621
1095,2,2026-03-11 8:01,111,139,1634
1096,5,2026-03-12 8:01,281,7,1597
1097,4,2026-03-12 8:01,292,19,1610
1098,4,2026-03-12 8:01,296,231,1615
1099,5,2026-03-12 8:01,102,94,1623
1100,3,2026-03-12 8:01,106,413,1628
1101,2,2026-03-12 8:01,117,345,1641
1102,3,2026-03-13 8:01,287,14,1604
1103,2,2026-03-13 8:01,101,195,1622
1104,3,2026-03-13 8:01,108,362,1630
1105,3,2026-03-13 8:01,112,400,1635
1106,2,2026-03-13 8:01,123,351,1648
1107,4,2026-03-14 8:01,72,256,1564
1108,1,2026-03-14 8:01,293,13,1611
1109,5,2026-03-14 8:01,103,99,1624
1110,3,2026-03-14 8:01,107,353,1629
1111,4,2026-03-15 8:01,55,39,1547
1112,3,2026-03-15 8:01,78,333,1582
1113,5,2026-03-15 8:01,299,192,1618
1114,2,2026-03-15 8:01,109,317,1631
1115,3,2026-03-15 8:01,120,150,1644
1116,2,2026-03-15 8:01,206,151,1668
1117,3,2026-03-16 8:01,104,321,1625
1118,4,2026-03-16 8:01,115,143,1638
1119,2,2026-03-16 8:01,119,413,1643
1120,4,2026-03-16 8:01,126,84,1651
1121,3,2026-03-16 8:01,130,358,1656
1122,3,2026-03-16 8:01,201,109,1662
1123,3,2026-03-16 8:01,203,45,1665
1124,4,2026-03-16 8:01,212,13,1684
1125,4,2026-03-17 8:01,77,314,1581
1126,3,2026-03-17 8:01,110,238,1632
1127,1,2026-03-17 8:01,121,349,1645
1128,3,2026-03-17 8:01,125,23,1650
1129,2,2026-03-17 8:01,132,103,1658
1130,4,2026-03-17 8:01,202,32,1664
1131,3,2026-03-17 8:01,207,82,1669
1132,1,2026-03-17 8:01,209,132,1671
1133,5,2026-03-17 8:01,218,39,1699
1134,5,2026-03-18 8:01,68,203,1560
1135,3,2026-03-18 8:01,116,414,1639
1136,3,2026-03-18 8:01,127,195,1652
1137,3,2026-03-18 8:01,131,29,1657
1138,4,2026-03-19 8:01,62,142,1554
1139,3,2026-03-19 8:01,122,152,1646
1140,3,2026-03-19 8:01,133,61,1659
1141,4,2026-03-19 8:01,204,51,1666
1142,3,2026-03-19 8:01,208,145,1670
1143,5,2026-03-19 8:01,215,418,1687
1144,5,2026-03-19 8:01,219,58,1700
1145,2,2026-03-20 8:01,210,111,1672
1146,4,2026-03-20 8:01,214,199,1686
1147,5,2026-03-20 8:01,221,106,1702
1148,4,2026-03-20 8:01,225,315,1715
1149,1,2026-03-20 8:02,236,271,1726
1150,5,2026-03-21 8:02,124,52,1649
1151,5,2026-03-22 8:02,276,1,1592
1152,5,2026-03-23 8:02,224,242,1714
